asin,brand,avg_rating,activeness
B001BKEWF2,0,5.0,19.3624
B001GXRQW0,1,4.09,13508.1862
B001H53QE4,1,3.62,152.0087
B001H53QEO,1,3.0,57.7364
B001KMWN2K,2,2.5,38.6417
B001M1UVQO,3,1.0,38.5992
B001M1UVZA,3,5.0,57.249
B001M5GKHE,4,1.0,18.1364
B002BSHDJK,5,4.59,2078.4374
B002DN7XS4,6,1.0,350.502
B002H9RN0C,7,5.0,38.1283
B002MS7BPA,8,4.71,133.4938
B002NZXF9S,6,2.0,188.7818
B002O018DM,9,4.67,56.8104
B002O0536U,10,2.8,97.0919
B002OOBESC,11,4.89,171.5405
B002PY04EG,12,4.6,190.5729
B002QFXC7U,13,3.6,384.5897
B002QTM0Y2,14,4.0,19.0648
B002QTPZUI,14,5.0,19.0107
B002SC9DRO,15,5.0,57.4057
B002UKLD7M,16,4.5,188.1884
B002VFYGC0,6,5.0,19.0236
B002VG4AR0,17,3.0,58.0126
B002VG4BRO,18,5.0,19.4072
B002W8YL6W,19,3.33,57.751
B002XNLC04,20,4.35,438.5071
B002XNOVDE,21,4.25,151.6429
B002YEWXZ0,22,3.83,227.0735
B002YEWXMI,23,4.18,210.0578
B003755QI6,24,2.2,95.1813
B003CMYYGY,25,4.0,76.0765
B003NALDC8,26,5.0,18.9987
B003XNIBTS,27,2.75,77.1802
B003ZYIKDM,28,5.0,19.0921
B00414Y7Y6,29,4.0,381.8173
B0046IIHMK,30,4.75,75.8854
B004BVCHDC,31,2.5,37.5842
B004CG61UQ,14,5.0,18.9616
B004CZRZKW,32,4.0,75.88
B004D01QJ2,33,5.0,114.7501
B004KNWWPE,6,4.75,1113.4259
B004KNWWP4,6,4.72,1090.1709
B004KNWWR2,6,4.54,902.4353
B004KNWWRC,6,4.7,619.5318
B004KNWWT0,6,4.87,2180.917
B004KNWWRW,6,2.5,75.5297
B004KNWWQ8,6,5.0,37.9767
B004KNWWNG,6,4.83,225.3604
B004KNWWPO,6,4.79,790.748
B004KNWWXQ,6,4.71,131.5078
B004KNWWUE,6,4.82,629.349
B004KNWWYU,6,4.86,130.4219
B004KNWWWC,6,5.0,37.9208
B004KNWX3A,6,4.75,992.4651
B004KNWX1W,6,4.83,3099.8726
B004KNWWZE,6,4.87,1401.9405
B004KNWWSQ,6,4.0,76.0205
B004KNWX4Y,6,4.87,887.0079
B004KNWX12,6,4.69,243.6914
B004KNWX3U,6,4.7,14223.4882
B004KNWX62,6,5.0,55.8469
B004KNWX2Q,6,4.7,562.874
B004KNWX6C,6,4.84,11055.7608
B004KNWX44,6,4.64,207.0934
B004KNWX0S,6,4.79,4235.4509
B004KNWWV8,6,4.72,10215.1659
B004KNWX9O,6,4.79,262.1151
B004KNWXA8,6,4.56,1201.4989
B004KNWX9Y,6,4.72,1378.9296
B004KNWX7G,6,5.0,56.7649
B004KNWWQS,6,4.73,1190.0781
B004KNWWZY,6,4.74,1854.9357
B004KNWX8U,6,4.79,994.2013
B004KNWX0I,6,4.75,300.8408
B004KNWWMW,6,4.83,13051.3277
B004KNWX3K,6,5.0,222.5126
B004KNWX5I,6,4.22,432.664
B004KNWWPY,6,4.62,1347.2997
B004KNWX1C,6,5.0,244.0513
B004KNWWOA,6,4.78,2247.1361
B004KNWX6M,6,4.92,449.1218
B004KNWX80,6,4.78,601.1877
B004KNWX6W,6,4.91,426.4709
B004KNWWUY,6,4.76,2097.743
B004KNWWO0,6,4.61,955.588
B004KNWX94,6,4.92,2098.2411
B004KNWX8A,6,4.81,582.2952
B004KNWX1M,6,4.77,977.1788
B004KNWWOK,6,4.57,1420.7062
B004KNWWU4,6,4.76,15413.1315
B004KNWWTA,6,4.74,4210.1293
B004KNWX76,6,4.91,2123.65
B004KNWX08,6,4.9,377.2563
B004KNWX4O,6,4.83,2200.0633
B004KNWWTK,6,4.7,3006.425
B004KNWWRM,6,4.8,845.0778
B004LLIKVU,6,4.67,91948.93
B004LLIKVA,6,5.0,113.9018
B004LLIKWO,6,4.81,2638.593
B004LLIKW4,6,4.75,225.1598
B004LLIKY2,6,4.72,41780.7369
B004LLIL32,6,4.82,3270.4227
B004LLIKUQ,6,4.49,811.9443
B004LLIL78,6,4.87,992.6191
B004LLIL96,6,4.86,804.4262
B004LLIL6O,6,4.76,1109.4288
B004LLIL2I,6,4.81,16774.875
B004LLILD2,6,4.94,298.3108
B004LLIL6Y,6,4.88,1215.3234
B004LLIL14,6,5.0,130.6601
B004LLILAU,6,4.76,1502.9019
B004LLIL0K,6,4.66,598.7306
B004LLIL4G,6,4.74,21158.7837
B004LLIL6E,6,4.85,1349.1898
B004LLILG4,6,4.75,1782.3316
B004LLIL3C,6,4.8,3873.8976
B004LLILIM,6,4.65,433.3702
B004LLIL00,6,4.79,2977.7817
B004LLIL3M,6,4.81,4250.2442
B004LLIKYW,6,4.5,151.0922
B004LLILEG,6,4.73,2874.022
B004LLILN2,6,4.9,185.6427
B004LLILBY,6,4.75,3939.5277
B004LLILK0,6,4.7,2548.7802
B004LLILLO,6,4.76,2658.7843
B004LLILGO,6,4.74,20112.9816
B004LLILBO,6,4.96,490.8019
B004LLILO6,6,4.84,3633.2196
B004LLILC8,6,4.89,1649.8796
B004LLIL5U,6,4.77,4019.396
B004LLIL9Q,6,4.82,2006.2241
B004LLIL5K,6,4.94,1471.9144
B004LLILFK,6,4.75,1636.9407
B004LLILM8,6,4.72,2310.0398
B004LLILKU,6,4.74,429.9688
B004LLILMI,6,4.8,1332.5381
B004LLILQY,6,4.93,785.3239
B004LLIL8M,6,4.8,1298.7544
B004LLILI2,6,5.0,169.156
B004LLILKK,6,4.71,1769.5424
B004LLILFA,6,4.72,1247.5546
B004LLILPU,6,4.74,1352.3655
B004LLILF0,6,4.83,2759.2123
B004LLIL0A,6,4.86,1812.0576
B004LLIL5A,6,4.81,34381.6085
B004LLIL82,6,4.82,843.7372
B004LLILOG,6,4.67,2630.5407
B004LLIKZ6,6,4.65,808.4791
B004LLILCS,6,4.6,185.9521
B004LLILL4,6,4.92,486.9536
B004LLJ5SM,6,4.58,452.8574
B004LLJ636,6,5.0,38.0372
B004LLJ68Q,6,5.0,38.1007
B004LLJ6AE,6,4.81,798.8168
B004LLJ5Z0,6,5.0,38.0798
B004LLJ5UU,6,4.57,264.3828
B004LLJ6B8,6,4.89,1007.5367
B004LLJ64U,6,5.0,74.9767
B004LLJ640,6,5.0,57.1005
B004LLJ6FY,6,4.69,793.285
B004LLJ5YG,6,5.0,19.0688
B004LLJ5W8,6,5.0,19.0657
B004LLJ60Y,6,4.0,75.9098
B004LLJ6F4,6,4.86,133.4487
B004LLJ6P4,6,5.0,38.2785
B004LLJ6OA,6,5.0,37.5746
B004LLJ6QS,6,2.0,18.6474
B004LLJ6LI,6,4.89,170.3861
B004LLJ61I,6,5.0,18.8528
B004LLJ712,6,5.0,37.968
B004LLJ6U4,6,4.62,152.369
B004LLJ6MC,6,5.0,56.9841
B004LLJ65O,6,5.0,114.2694
B004LLJ6CM,6,5.0,76.1645
B004LLJ6YA,6,4.4,95.2149
B004LLJ5VE,6,5.0,19.0488
B004LLJ5TQ,6,4.78,436.0909
B004LLJ6K4,6,4.0,19.1783
B004LLJ67C,6,5.0,19.0547
B004LLJ6DQ,6,4.91,209.22
B004LLJ6H2,6,5.0,37.6336
B004LLJ6XG,6,4.44,1378.4832
B004LLJ5XM,6,5.0,18.9806
B004LLJ6VI,6,4.47,568.0669
B004LLJ66I,6,5.0,113.5123
B004LLJ6KO,6,5.0,37.9454
B004LLJ6JK,6,5.0,37.646
B004LLJ6RC,6,4.2,93.9095
B004LLJ6S6,6,4.67,56.7965
B004LLJ6GI,6,4.25,75.6811
B004LLJ6SQ,6,5.0,57.088
B004LLJ6EK,6,3.33,55.6953
B004LLJ6HW,6,5.0,75.7371
B004Q7CK9M,1,4.62,150359.4095
B004RCNH8E,6,5.0,19.1208
B004RCNH6Q,6,4.67,56.5502
B004RD95XE,6,3.0,75.9733
B004RD965G,6,5.0,56.5945
B004RD8XQE,6,4.11,360.109
B004RD8XPK,6,4.8,7796.3246
B004RD9ACA,6,4.77,3664.2938
B004RD967Y,6,3.92,228.8386
B004W8D102,6,4.68,4423.9252
B004W8D0Y4,6,4.82,15329.475
B004W8D0Z8,6,5.0,131.9467
B004WKPVUS,6,5.0,131.4349
B004WKPV3K,6,4.77,244.0868
B004WKPVOO,6,5.0,95.2804
B004WKPVBC,6,4.77,5021.0252
B0052A21O6,6,4.5,263.5397
B0052A20TC,6,4.63,559.6236
B0052A21MS,6,5.0,38.0819
B0054SDOLK,6,4.86,394.7083
B0054SODRE,6,4.86,132.7156
B005580FS4,6,4.55,412.04
B005580G0Q,6,5.0,19.1353
B005DHN6E2,1,4.58,23132.9812
B005EISOSS,6,4.88,618.5545
B005EISP96,6,4.71,2290.3708
B005EISPW8,6,4.25,151.3391
B005EISPOG,6,4.8,5321.1255
B005EISPCS,6,4.23,493.1351
B005EISPI2,6,4.67,622.2555
B005EISP3M,6,4.89,166.1016
B005EISPLE,6,4.67,4239.6871
B005EISPF0,6,4.93,262.6481
B005EISPR8,6,5.0,76.1315
B005EISP6O,6,4.75,74.2832
B005EISOUQ,6,4.86,2545.6858
B005EISOOC,6,4.83,1761.8103
B005ESMF5G,1,4.6,13016.1344
B005ESMMWW,1,4.7,33066.2414
B005ESMFP6,1,4.7,6192.2885
B005ESMJ02,1,4.63,27101.2843
B005ESMG1E,1,4.56,498.7904
B005ESMJCU,1,4.67,3491.012
B005TIHMHW,34,3.0,38.1498
B005TNHWS6,35,4.15,246.2228
B005VSYOFS,36,5.0,19.0174
B005VUPI7O,6,4.78,168.1213
B005XEF7R4,37,4.43,1038.0328
B0062ONBC2,6,4.75,1205.7289
B0062ONFHI,6,4.83,228.2881
B0062ONF64,6,4.7,4673.4077
B0062ON8M0,6,4.83,113.5954
B0062ONA9Q,6,4.8,960.7426
B0062ONETC,6,4.69,2318.4679
B0062ONI5W,6,4.0,93.4548
B0062ONG18,6,4.71,265.674
B0062ONDMK,6,4.83,227.5865
B0062ONAM8,6,4.87,3777.7311
B0062ONL9K,6,5.0,18.9084
B0062ONBKY,6,4.72,336.9129
B0062ONJRE,6,4.73,7690.5468
B0062ONGO0,6,4.44,299.0192
B0062ONCQC,6,4.79,819.307
B0062ONKA0,6,4.71,321.8716
B0062ONB0Y,6,5.0,75.1273
B0062ONDX4,6,4.8,189.3
B0062ON91K,6,4.59,1054.3338
B0062ONNL6,6,5.0,92.4506
B0062ON9CE,6,5.0,18.8174
B0062ONJEM,6,4.76,549.2573
B0062ONJ6U,6,4.8,10723.5323
B0062ONLI6,6,4.13,427.7413
B0062ONM0I,6,5.0,185.3423
B00657ALBA,38,4.5,227.951
B0066AZGJI,6,4.63,14816.0553
B0066AZGD4,6,4.64,41553.9368
B0069VHL5Q,6,4.76,4030.0245
B006NQD8HM,6,2.33,56.4215
B006PJHPKI,39,4.91,932.3974
B006PJI0Y8,40,4.75,2753.615
B006PJHP62,16,4.58,14992.1448
B006PJHPV2,41,4.66,4935.708
B006PJI03Y,23,4.6,2909.6658
B006PJHS50,42,4.72,1825.902
B00747SAOK,43,5.0,19.0478
B0078EPBHI,24,4.77,7064.8924
B0078EPB78,44,4.61,1208.6786
B0078EPRPE,22,4.62,5395.0107
B0078EPRVS,45,4.61,5767.413
B007EE5I6G,1,4.03,1755.3319
B007EE5YMY,1,4.62,148.4672
B007EE5X48,1,4.69,238.8924
B007EE5PEQ,1,5.0,495.1236
B007EE5KKK,1,4.81,954.1896
B007HR1JWC,1,4.5,73.924
B007HR1E2W,1,4.9,375.1024
B007I0G9PU,8,3.62,760.9833
B007JXAY9S,46,4.67,114.2629
B007RFFX26,1,4.48,451.9919
B007V5WJOM,6,4.84,3463.5609
B007V6ETLW,6,4.61,1066.438
B007V6ETXA,6,4.89,11809.4211
B007V6ETDK,6,4.8,34509.0202
B007WL1YC8,47,1.0,19.0534
B0080IR6BA,1,4.44,11533.9766
B00895H7FO,6,4.69,3801.786
B0089CQTVK,48,4.0,19.1323
B008SA3BVY,49,1.0,19.0734
B00910XGTM,50,4.71,4505.1209
B009110O8C,51,4.79,1613.0703
B00911NGTG,52,4.5,2738.9004
B0091JKPDI,1,4.47,2466.8735
B0091JKJ0M,1,4.73,31936.7101
B0091JKY0M,1,4.68,45175.6996
B0091JKVU0,1,4.77,61993.7106
B0091JL3OI,1,4.79,34504.9302
B0093DHOA4,53,5.0,56.3979
B0096DXVCQ,54,5.0,37.9832
B0096JUBZ0,55,5.0,18.6985
B009CBHNXA,56,4.44,303.9349
B009GIEPFI,57,5.0,19.052
B009HE86FQ,58,4.67,1897.9644
B009SB14K2,59,3.52,713.4375
B009T8NYFC,60,3.0,38.0978
B009T8O7LW,61,4.55,209.0749
B009T8NJIY,62,2.4,95.0126
B009T8O4E2,63,4.08,228.1291
B009T8N0OW,64,5.0,57.0472
B009T8MWQ4,65,4.0,18.9972
B009T8NHO0,66,3.85,247.1688
B009WD15PU,1,5.0,54.5546
B009WD17DK,1,5.0,18.2533
B009WD17SA,1,5.0,18.1398
B009WD3F2Q,1,5.0,17.1719
B009XFXW4E,4,5.0,17.1957
B00A40UJCU,7,4.07,265.79
B00A48G1X8,6,4.68,695.0692
B00A4CRRH8,67,3.15,245.2368
B00A4EK106,6,4.79,2641.7108
B00A4EK69C,6,4.79,15821.188
B00A4NSZH8,6,3.67,56.7279
B00A4NSUYQ,6,4.28,549.527
B00A7BQ44S,68,1.0,18.6067
B00A82RPLC,69,2.0,76.1281
B00ACA3T06,6,3.8,93.6029
B00ACA3UB4,6,4.57,3398.7599
B00ACA3TII,6,5.0,132.6665
B00ACA3TWO,6,4.75,76.0963
B00ACA3UMS,6,4.72,4182.4703
B00ACA3VW2,6,4.75,75.1631
B00ADR2XIC,1,4.26,17244.7196
B00AF0KAWI,6,4.92,687.2515
B00AF0K9BA,6,4.73,2943.5999
B00AF0KA6E,6,4.64,202.5421
B00AF0K82U,6,4.72,14919.7386
B00AF0K90Q,6,4.77,6796.1349
B00AF0K9PQ,6,5.0,74.597
B00AF0KAI2,6,4.76,629.31
B00AFCV7VY,70,5.0,54.0621
B00AFJBBJK,6,3.0,38.1076
B00AI1GRBM,71,5.0,18.6259
B00AMLQ790,6,4.92,452.4726
B00AMLQ7UO,6,5.0,75.4258
B00ANW1LSA,8,3.0,38.1099
B00AR51Y5I,8,4.71,30402.7551
B00AS527QW,72,4.72,8658.4488
B00ATFCAXQ,73,5.0,36.3764
B00B0102K6,74,5.0,19.0269
B00B0J11K8,75,5.0,19.0064
B00B2TFH3I,6,4.67,2299.5987
B00B2TFI4G,6,5.0,113.6407
B00B2TFJEA,6,4.82,1808.0338
B00B2TFQJ8,6,4.8,94.0217
B00B2TFNIW,6,4.82,1934.3154
B00B2TFA5I,6,5.0,18.8341
B00B2TFDUA,6,5.0,18.7319
B00B2TF61G,6,4.79,4323.2191
B00B2TFKHG,6,4.78,3141.7796
B00B2TFSO6,6,4.81,28219.7143
B00B2TFRNI,6,5.0,313.6278
B00B2TFBGG,6,4.74,991.8156
B00B2TFTIG,6,3.88,151.1234
B00B2TFM3I,6,3.6,94.4982
B00B2TFURQ,6,4.72,5020.6538
B00BCTY1E4,76,4.76,608.9319
B00BSXWOLG,6,4.82,2522.7575
B00BSXWNTY,6,4.68,870.8994
B00BSXWO52,6,4.79,1749.9428
B00BSXWOR0,6,4.71,1176.697
B00BSXWOWU,6,4.82,411.3508
B00BSXWOAC,6,4.92,677.614
B00BSXWNHQ,6,4.72,332.5319
B00BSXWOE8,6,5.0,242.576
B00BSXWNXK,6,4.97,594.4793
B00BSXWP74,6,5.0,56.6698
B00BT1XFBU,6,4.71,2827.0842
B00BT1XF5Q,6,4.67,1592.8978
B00BT1XEZM,6,4.6,1546.0018
B00BT1XEB6,6,4.67,774.0851
B00BWDHB5G,6,4.79,777.1279
B00BWDGY0E,6,4.78,2929.9846
B00BWDHCFK,6,4.96,946.6681
B00BWDHT62,6,4.0,56.8821
B00BWDH7SC,6,4.56,499.4477
B00BWDHW2S,6,4.55,206.9399
B00BWDHS04,6,5.0,37.7466
B00BWDHUWA,6,4.6,1373.2248
B00BWDHYYY,6,3.0,36.9885
B00BWDHVC4,6,4.46,735.5681
B00BWDHSFO,6,3.4,94.556
B00BWDHTQW,6,4.43,132.5151
B00BWDHOLW,6,4.65,375.0895
B00BWDH2O6,6,4.81,3548.4143
B00BWDGYL8,6,4.72,2867.9483
B00BWDHQI8,6,4.5,151.0393
B00BWDHRKA,6,5.0,37.769
B00BWDH0LQ,6,4.68,2318.7592
B00BWDHWNC,6,4.43,564.4249
B00BWDHX9K,6,3.33,170.4211
B00BWDI3E4,6,5.0,18.8859
B00BWDI5TM,6,4.25,75.3658
B00BWDH4DK,6,4.84,5115.2889
B00BWDHXPE,6,3.71,131.7863
B00BWDHU9I,6,5.0,56.544
B00BWDHQY2,6,5.0,113.4026
B00BWDH8C2,6,4.61,333.3443
B00BWDHBU6,6,4.74,1748.8661
B00BWDI10U,6,5.0,18.7795
B00BWDI6JQ,6,3.67,56.5322
B00BWDI41Q,6,5.0,18.9423
B00BWDHZL6,6,5.0,18.9776
B00BXLSGHO,77,4.57,8434.2185
B00BXLSR2S,78,4.61,870.3989
B00BXLSPGQ,30,4.55,1817.405
B00BXLSWGY,79,4.84,898.1633
B00BXLT3VC,80,4.84,681.9713
B00BXLSSOU,81,4.69,1108.8624
B00BXLT8M6,82,4.66,1431.09
B00BXLSUF2,83,4.59,2987.7415
B00BXLTM0E,84,4.85,2348.3262
B00BXLU0M8,85,4.6,180.2106
B00BXLSZPM,86,4.69,4705.0831
B00BXLTMRC,87,3.87,562.3806
B00BXLUDXO,25,4.2,1067.3414
B00BXLSM0A,88,4.75,1317.0241
B00BXLU87U,89,3.46,231.2703
B00BXLUBLS,7,5.0,17.5992
B00BXLUO1U,9,4.68,5020.6637
B00BXLTZ6K,29,4.79,3919.3178
B00BXLTJ8O,90,4.77,1384.8905
B00BXLT1UA,11,4.65,4040.0283
B00BXLTSS0,91,4.38,466.8932
B00BXLTR6S,92,3.35,6013.8255
B00BXLSIJ0,38,4.57,5407.5263
B00BXLU6CW,60,4.46,1209.3524
B00BXLUP1E,93,5.0,216.8097
B00BXLU3MU,94,4.33,54.9625
B00BXLV8J2,95,5.0,162.2796
B00BXLV46E,96,4.71,605.4805
B00BXLT5EW,97,4.8,1741.9519
B00BXLVD8I,98,4.75,1366.4504
B00BXLTUBA,63,4.58,7289.3857
B00BXLTCXG,99,5.0,52.8298
B00BXLUFQ4,66,4.82,6464.925
B00BXLV9NM,100,4.63,738.7338
B00BXLUQ6S,18,4.68,1034.3056
B00BXLVHC0,101,4.92,719.2393
B00BXLUSZ2,102,3.0,326.2545
B00BXLVXZG,103,4.83,416.3211
B00BXLUU6Y,104,3.98,791.2352
B00BXLVTRI,105,4.52,367.7706
B00BXLUMGC,106,4.29,717.2453
B00BXLV55Y,65,4.36,651.9651
B00BXLTF92,19,4.68,447.3718
B00BXLVAD6,20,4.68,7531.7893
B00BXLVQLM,107,4.43,128.4537
B00BXLWD0U,108,4.82,510.2015
B00BXLUI5M,27,4.54,1882.5756
B00BXLW5QC,109,4.67,10286.264
B00BXLW4Q8,110,4.71,4451.7502
B00BXLW9J0,111,4.68,737.5767
B00BXLWKDK,112,5.0,127.8908
B00BXLV6OY,113,5.0,179.5399
B00BXLWLC0,114,4.8,271.7115
B00BXLUXYS,115,4.69,231.8279
B00BXLURUI,116,4.79,2585.0349
B00BXLVS10,117,5.0,109.0489
B00BXLV32O,118,4.17,109.2858
B00BXLW0K8,119,3.12,276.2748
B00BXLVHZM,15,4.69,4562.3059
B00BXLVFAO,64,4.77,3347.6112
B00BXLVCLQ,98,4.93,515.439
B00BXLWBRA,120,5.0,72.8661
B00BXLU20S,121,5.0,17.9235
B00BXLVT3M,122,3.86,123.8507
B00BXLVE6Y,123,4.59,2930.3609
B00BXLVP7M,124,4.73,273.4388
B00BXLVZZE,125,5.0,161.3523
B00BXOFI1I,126,4.67,164.7812
B00BXQIGA6,35,4.66,14978.6617
B00C32SOSS,127,5.0,36.2537
B00C5UMEMA,6,4.86,4529.1872
B00C5UMCIG,6,4.73,3741.8281
B00C5UMJKC,6,4.76,639.7967
B00C5UMD6M,6,4.91,804.5934
B00C5UMHOU,6,4.82,4992.9801
B00C5UMIJ4,6,4.88,148.7288
B00C5UMJ3Y,6,5.0,18.9676
B00C5UMB7S,6,4.79,11156.5022
B00C5UMI3K,6,4.83,1760.0006
B00C5UME0M,6,5.0,168.7702
B00CHQ7I2S,1,4.71,22748.584
B00CHSWJ2K,6,4.62,149.6858
B00CHSWJE8,6,4.82,1046.9506
B00CHSWFJ2,6,5.0,184.5808
B00CHSWG6O,6,4.82,19776.3404
B00CHSWHVI,6,4.55,414.7785
B00CHSWKEM,6,4.77,6375.1724
B00CHSWGFU,6,4.79,5707.9253
B00CHSWHJK,6,4.0,75.3926
B00CHSWEJI,6,4.84,354.2737
B00CHSWK24,6,4.8,1234.6723
B00CHSWJPC,6,4.86,5579.3618
B00CHSWIVC,6,4.71,391.9034
B00CHSWI5I,6,4.67,56.4929
B00CHSWGR8,6,4.83,5466.4046
B00CHSWFRY,6,4.79,2559.3333
B00CHSWIH6,6,4.53,320.7817
B00CJ0WVYC,128,1.0,18.8897
B00CJIXEPY,129,5.0,18.8897
B00CMBPMTO,130,3.33,55.4589
B00CMFWIGA,131,4.57,127.8314
B00CRQ496G,6,4.89,1508.0505
B00CRQ4DYO,6,4.7,611.2014
B00CRQ512C,6,4.87,725.3511
B00CRQ4XA8,6,4.91,617.6723
B00CRQ4CF4,6,4.83,7210.7572
B00CRQ4RZ4,6,5.0,132.4003
B00CRQ4AYW,6,4.79,1172.0311
B00CRQ4YDE,6,4.89,504.9355
B00CRQ4URY,6,4.71,523.1448
B00CRQ43KS,6,4.4,93.6795
B00CRQ47WC,6,4.48,966.5013
B00CRQ4OYS,6,3.75,75.4407
B00CRQ4ZOM,6,4.78,1780.2458
B00CRQ4TEI,6,1.5,37.9157
B00CT774LK,6,4.67,910.3012
B00CT777M6,6,4.9,557.8325
B00CT797R4,6,4.97,555.4526
B00CT7ATEY,6,3.0,18.8881
B00CT783OC,6,4.85,896.0396
B00CT7AWCI,6,4.17,113.0838
B00CT7874I,6,4.56,968.6108
B00CT7C03M,6,4.67,56.5952
B00CT79116,6,4.72,1212.3696
B00CT7CX2U,6,5.0,18.7526
B00CT7BGFA,6,4.95,413.1718
B00CT7CQ6I,6,5.0,18.7891
B00CT7D74S,6,4.67,56.696
B00CT78IIS,6,4.83,1213.1189
B00CT79ABW,6,4.91,974.5868
B00CT7ALME,6,3.0,18.9631
B00CT7CJC4,6,5.0,37.6057
B00CT7BD9O,6,4.55,544.0428
B00CT7CDRU,6,4.6,94.3301
B00CT7AZ4I,6,4.5,75.624
B00CT7C42Y,6,5.0,37.735
B00CT7BN3A,6,5.0,37.4969
B00CT7BJ98,6,3.0,37.7268
B00CT7CAK0,6,5.0,94.0679
B00CT7A49O,6,4.05,354.6639
B00CT7BWU4,6,5.0,37.7433
B00CT7D16C,6,4.67,56.5487
B00CT76TBG,6,4.73,910.3915
B00CT7AC7I,6,4.79,528.9915
B00CT7AOQ2,6,5.0,18.9253
B00CT7BPUQ,6,5.0,37.724
B00CT7DFY0,6,3.67,56.329
B00CT7DW6Q,6,5.0,18.7198
B00CT7DJZ0,6,5.0,18.6912
B00CT7C6LS,6,5.0,18.8539
B00CT7E2M4,6,5.0,18.8232
B00CT7B2KO,6,4.25,75.519
B00CXZP4L0,132,5.0,35.1964
B00CXZPG0O,46,4.79,9539.2798
B00CXZP74Y,133,4.67,106.8868
B00CY08CVI,134,3.0,18.8722
B00D2ZUNBQ,135,4.85,378.8414
B00DJ9JLWW,136,5.0,18.7975
B00DNAGEBI,137,4.5,141.3977
B00DNAGTIQ,138,4.71,3646.8245
B00DNHLJM0,6,4.5,37.6001
B00DNHLUTM,6,5.0,36.9214
B00DP7ERFO,139,5.0,18.6103
B00DRPEJQ6,140,5.0,18.8783
B00DVO0KCA,141,2.0,18.948
B00DVT5TD0,142,5.0,94.8162
B00DWIH8HU,143,3.67,105.3216
B00DWIHBY0,144,3.6,91.3002
B00E1PGRVG,145,1.0,18.7722
B00E1QAUUE,6,4.0,148.2713
B00E1QB6ZC,6,4.73,2470.6679
B00E1QAZ6I,6,5.0,18.9428
B00E1QAXWO,6,4.76,1872.2857
B00E1QAWEI,6,4.43,130.5448
B00E1QB2K6,6,5.0,37.6708
B00E1QAWXE,6,4.75,2002.088
B00E1QB4U4,6,4.0,111.5039
B00E1QB7VK,6,4.82,631.4517
B00E1QB5EO,6,4.78,167.5687
B00E6GZIBK,146,3.0,18.5559
B00EDYJC8A,147,5.0,18.644
B00EEHV8DI,77,4.67,2998.3367
B00EEHVIBK,83,4.75,364.7058
B00EEZ3CSY,148,2.33,56.336
B00ELQD11E,149,4.53,7127.5649
B00ELQD5K6,150,4.94,327.2115
B00ELQD0DS,21,4.77,2309.9384
B00EPLSMGY,6,4.73,481.001
B00EPLSS68,6,4.69,293.8839
B00EPLSYH6,6,5.0,18.7992
B00EPLT448,6,4.83,555.8798
B00EPLT2W2,6,4.68,466.7612
B00EPLSTE4,6,4.95,369.7923
B00EPLT6C8,6,4.91,204.6787
B00EPLT7NQ,6,4.89,687.4726
B00EPLSUWA,6,4.76,950.2598
B00EPLSQVK,6,4.76,313.7092
B00EPLT5CE,6,4.71,259.5996
B00ET5WASC,16,4.6,628.6217
B00ET5WBU4,92,3.96,1888.1868
B00EVW58UK,151,5.0,18.8978
B00EW4LFKO,152,1.0,18.5056
B00F0XCG9K,153,5.0,18.3412
B00F2RZMEA,154,4.45,4650.4152
B00F2RZI12,155,4.56,159.3791
B00F2RZAC4,156,4.58,434.9894
B00F3ZMTO2,157,4.06,3245.0109
B00F56OO2O,6,4.82,626.3072
B00F56OENS,6,4.71,445.5169
B00F56OII4,6,4.74,496.6186
B00F56PISI,6,5.0,37.5539
B00F56P06S,6,5.0,18.7692
B00F56PD2O,6,5.0,166.7198
B00F56OJUG,6,4.67,54.2678
B00F56O7XK,6,4.89,166.5568
B00F56PFYK,6,4.97,648.6417
B00F56PL3A,6,5.0,92.9301
B00F56P9AU,6,4.73,202.5866
B00F6DN9KE,158,5.0,94.6305
B00F8MRUVW,159,5.0,53.0099
B00FA7XCIK,126,3.25,71.2019
B00FA7XD5W,126,1.0,18.8881
B00FFPW48G,160,1.6,185.0359
B00FGEHS00,161,4.82,403.6607
B00FGEHO0O,162,4.54,659.9518
B00FGEHKXU,163,4.37,822.9765
B00FJ4CDGQ,164,3.91,2521.1002
B00FRL7G7M,165,4.83,969.4758
B00FRL7O9M,166,4.74,418.7449
B00FRL7LCC,167,4.71,258.0655
B00FRL7UMS,168,4.47,537.4062
B00FTGESM6,40,4.76,1280.9418
B00FTGFAF0,23,4.97,557.6419
B00FTGF3P2,22,4.68,1464.9413
B00FTGEOB6,80,5.0,55.9186
B00FTGFFOG,20,4.83,540.3392
B00FTGSBBA,15,4.69,876.1941
B00FTGTV4Q,169,4.66,678.0931
B00FTITVAS,170,4.54,222.9642
B00FTJI60I,109,4.75,6349.3485
B00FTGSKL6,72,4.79,3039.7692
B00FTGTIOE,8,4.64,8106.4073
B00FY8W04W,171,2.0,18.8226
B00FZ5KKY6,172,5.0,73.211
B00G08KW2C,86,4.68,1114.3854
B00G3LBBGW,173,4.76,524.2362
B00G3LBDDS,174,2.99,3542.0059
B00G4IUN4K,6,4.54,691.0699
B00G4IURXW,6,4.82,6683.0305
B00G4IUWR8,6,4.5,486.5887
B00G4IUURA,6,4.51,874.3626
B00G4IUFUW,6,4.88,467.9439
B00G4IVKYC,6,5.0,37.7088
B00G4IVUHO,6,4.67,110.9709
B00G4IW2PI,6,4.91,614.9032
B00G4IVGM8,6,5.0,187.5635
B00G4IWEZG,6,4.73,19158.3102
B00G4IVRI6,6,5.0,56.5412
B00G4IUPVQ,6,4.7,931.4606
B00G4IVPQ0,6,5.0,75.024
B00G4IVA4W,6,5.0,18.7198
B00G4IUJQC,6,4.86,128.4897
B00G4IVSWQ,6,4.28,469.0989
B00G4IV8W6,6,3.0,37.7587
B00G4IV2VI,6,4.77,36112.2999
B00G4IVD08,6,5.0,18.8645
B00G4IWDXE,6,4.6,2419.6129
B00G4IVNLW,6,5.0,18.8634
B00G4IVVVE,6,5.0,18.6495
B00G4IW4LK,6,4.74,430.9119
B00G4IW690,6,4.83,4063.3515
B00G4IUQVK,6,4.9,184.1585
B00G4IW938,6,4.88,3083.5492
B00G4IVZH4,6,4.45,205.2243
B00G4IWAF0,6,4.64,935.6833
B00G6RL4XI,175,5.0,18.5798
B00GB8MWTC,176,4.79,434.1195
B00GBTLOF4,177,2.0,17.9264
B00GDHVSYG,178,4.61,2407.1943
B00GOLGWVK,179,4.55,9220.8094
B00GOLH84U,61,4.65,6408.3899
B00GOLH06Q,180,4.31,239.7115
B00GOLH5UC,136,4.65,1068.8541
B00GOLH1LK,181,2.6,87.7466
B00GOLQ9AY,182,2.3,181.6936
B00GP6WI44,183,1.0,18.5798
B00GRL9KCA,184,4.59,831.8884
B00GRL9IPY,185,4.67,53.1198
B00GRLGF6O,186,4.58,772.3376
B00GRLUECA,187,4.66,4938.0747
B00GTYGZJQ,6,5.0,55.9916
B00GTYGVJK,6,5.0,17.7736
B00GTYGYN8,6,5.0,37.1632
B00GTYH0E0,6,4.0,56.1279
B00GU2ZZ8Y,188,4.53,6319.832
B00GXSC0YW,6,4.36,206.7332
B00GXSBXTA,6,4.33,111.4522
B00GXSC5YM,6,5.0,131.726
B00GXSC4XY,6,5.0,336.8363
B00GXSBZZC,6,4.41,596.717
B00GXSCC7C,6,5.0,36.4243
B00GXSCD9Y,6,5.0,18.6813
B00GXSCGAA,6,5.0,18.6378
B00GXSCRCC,6,4.95,412.6265
B00GXSC204,6,4.78,168.1325
B00GXSCTZM,6,4.67,113.1681
B00GXSCMBS,6,4.56,335.9632
B00GXSCUWE,6,4.43,131.2165
B00GXSCPEC,6,4.93,281.4827
B00GXSCJDY,6,4.75,375.8406
B00GXSBUKC,6,5.0,168.0678
B00GXSCVUU,6,4.81,1070.0444
B00GXSCLI2,6,4.95,373.9492
B00GXSCXQM,6,5.0,37.3944
B00GXSCYVQ,6,4.75,74.7912
B00GXSCODO,6,4.54,449.8261
B00GXSCKEW,6,4.59,731.1682
B00GXSDE60,6,5.0,18.8848
B00GXSDC0S,6,5.0,18.7482
B00GXSD53M,6,5.0,37.5588
B00GXSDB8Q,6,5.0,168.4203
B00GXSDPLE,6,3.67,56.5946
B00GXSC3ZS,6,4.75,374.2307
B00GXSC70E,6,4.62,1197.6988
B00GXSBYWG,6,4.8,280.2129
B00GXSDA9G,6,4.25,74.5941
B00GXSC31W,6,4.79,447.3157
B00GXSDKF0,6,5.0,18.8545
B00GXSDTOC,6,5.0,18.2461
B00GXSDF46,6,3.0,37.5373
B00GXSDYZ6,6,5.0,18.8589
B00GXSDXXO,6,5.0,56.4675
B00GXSDWXU,6,4.75,75.2517
B00GXSE71G,6,5.0,18.8573
B00GXSE5TK,6,4.16,844.306
B00GXSC7XG,6,5.0,111.5324
B00GXSCBA0,6,4.88,148.8009
B00GXSDSN4,6,4.67,56.6007
B00GXSDQ1I,6,5.0,18.864
B00GXSCND0,6,4.8,93.878
B00GXSDVOK,6,4.4,94.2113
B00GXSDJOC,6,1.0,18.8335
B00GXSCH9K,6,5.0,18.8761
B00GXSE0YK,6,5.0,18.7147
B00GXSCS6C,6,4.85,375.3464
B00GXSDHXA,6,5.0,56.0157
B00GXSDGYU,6,5.0,18.875
B00GXSD1V8,6,5.0,131.1418
B00GXSDG2C,6,5.0,56.3136
B00GXSCWUE,6,5.0,18.7458
B00GXSD636,6,5.0,75.0195
B00GYIP7AA,189,5.0,18.7807
B00GZAELY0,190,5.0,18.7166
B00GZAH2KU,191,5.0,18.345
B00GZAIBQO,192,5.0,36.6818
B00GZAFLDA,193,5.0,17.6803
B00GZAPAHM,194,5.0,72.6221
B00GZAOCMG,195,5.0,18.4255
B00GZATKBY,196,5.0,36.0174
B00GZAFY64,197,5.0,36.1452
B00GZATJOW,198,5.0,18.833
B00GZAT2E4,199,5.0,18.6237
B00GZAHWY6,200,5.0,17.6167
B00GZAX8JO,199,5.0,37.7858
B00GZAITB6,201,1.0,18.0426
B00H5BM98S,6,4.79,958.1181
B00H5BM0K0,6,4.84,569.0465
B00H5BM23K,6,4.95,1989.3974
B00H5BMO6A,6,4.62,438.9406
B00H5BMYAG,6,4.78,428.4482
B00H5BMQEA,6,4.88,900.5172
B00H5BMIHA,6,4.75,7136.8122
B00H5BMULO,6,4.79,784.514
B00H5BMM94,6,4.29,258.2694
B00H5BMMVW,6,4.94,589.8617
B00H5BN0GS,6,4.85,478.4404
B00H5BMVG8,6,4.84,2771.1166
B00H5BMZ32,6,4.57,387.3896
B00H5BNENW,6,4.87,3326.9072
B00H5BMNJI,6,4.78,1434.2753
B00H5BM4CO,6,4.69,777.169
B00H5BMZPU,6,4.82,1463.0714
B00H5BM6JU,6,4.81,1163.3146
B00H5BNIR4,6,4.53,1084.382
B00H5BN6V2,6,4.84,934.03
B00H5BNFJK,6,4.76,750.6964
B00H5BNBJ4,6,4.91,420.8039
B00H5BNH5C,6,4.64,204.0194
B00H5BNLUS,6,4.87,1283.5927
B00H5BNVYY,6,3.0,18.7268
B00H5BMHS0,6,4.91,1380.3746
B00H5BMH44,6,4.81,39435.4913
B00H5BMRN0,6,4.7,1734.4591
B00H5BM3L6,6,4.9,1454.2857
B00H5BMF00,6,4.81,9742.1674
B00H5BNNY2,6,5.0,366.1939
B00H5BNRVQ,6,4.8,277.3885
B00H5BNAU4,6,4.78,167.5678
B00H5BNOMI,6,4.84,931.1109
B00H5BO4PE,6,5.0,18.1001
B00H5BODQ4,6,5.0,37.3045
B00H5BN54U,6,4.86,405.2653
B00H5BO0DK,6,5.0,18.7407
B00H5BNURC,6,3.0,37.5389
B00H5BOUWG,6,5.0,37.4294
B00H5BO7HY,6,4.75,74.0221
B00H5BPCVE,6,5.0,74.9925
B00H5BNK9A,6,4.74,642.8277
B00H5BMFPK,6,4.79,1930.0217
B00H5BPJQC,6,5.0,18.8086
B00H5BPOKI,6,5.0,18.7243
B00H5BNKYA,6,4.88,2561.1681
B00H5BM8DY,6,4.91,607.3531
B00H5BLZVA,6,4.75,663.6103
B00H5BPEB2,6,1.0,18.7867
B00H5BM5VE,6,4.77,475.9889
B00H5BOF26,6,4.33,56.5841
B00H5BLXA8,6,4.92,904.7429
B00H5BN162,6,4.49,643.7235
B00H5BO3VO,6,5.0,112.6433
B00H5BO6P2,6,5.0,18.7433
B00H5BOA4O,6,5.0,18.7582
B00H5BO5VW,6,4.36,469.0013
B00H5BOFLM,6,5.0,112.8772
B00H5BOVMK,6,5.0,18.7401
B00H5BNSHY,6,4.96,439.7349
B00H5BNY64,6,5.0,18.7433
B00H5BNTBY,6,4.79,699.1963
B00H5BO58K,6,5.0,37.3287
B00H5BN7P2,6,4.76,606.0119
B00H5BOEEA,6,5.0,18.8589
B00H7LOMWW,202,5.0,18.1132
B00H7M28OK,203,5.0,35.9058
B00HAPOVZI,199,5.0,18.4324
B00HEYD5HU,199,5.0,17.8991
B00HEYBWH0,199,5.0,18.8092
B00HFG0LLU,6,5.0,18.6978
B00HFG0K4S,6,4.86,2273.0945
B00HFG0MO6,6,4.95,372.4433
B00HI3QQQE,6,4.75,75.0667
B00HI3QU7O,6,5.0,18.7458
B00HI3QPWE,6,3.0,18.7795
B00HI3QRZE,6,4.42,224.6148
B00HI3QVPA,6,5.0,131.2155
B00HI3QS9O,6,5.0,74.9391
B00HI3QW0E,6,3.0,56.2801
B00HI3QXIU,6,5.0,75.3692
B00HI3R0T6,6,4.75,75.353
B00HI3QYG6,6,1.0,18.8098
B00HI3QRPO,6,5.0,18.8398
B00HI3QVEG,6,5.0,18.7975
B00HI3QWKY,6,4.8,93.7311
B00HI3QX8A,6,5.0,93.4847
B00HI3QUGK,6,5.0,75.2936
B00HI3R3F2,6,5.0,17.1475
B00HI3QYZC,6,4.2,93.9505
B00HI3QV1E,6,5.0,18.7855
B00HI3QZA6,6,5.0,74.7118
B00HI3QURE,6,4.1,185.3985
B00HI3QXU8,6,5.0,56.5441
B00HI3QT0M,6,5.0,37.5262
B00HI3R5ZU,6,3.0,18.7837
B00HI3R54Q,6,5.0,18.7771
B00HI3R2JY,6,5.0,18.7698
B00HLAO65M,204,4.66,1559.9912
B00HTNUARE,205,5.0,56.3155
B00HX3PRBE,206,4.71,126.4451
B00I0DN5Q0,207,5.0,18.3477
B00I0DMP98,208,1.0,17.9193
B00I0EQ4LM,209,5.0,17.0705
B00I5428VM,6,4.85,981.1547
B00I542CPE,6,4.53,2127.3651
B00I542AQU,6,5.0,18.8341
B00I5428EE,6,4.79,2346.7052
B00I5429B6,6,4.62,677.0502
B00I542D5I,6,4.97,725.4767
B00I542EEI,6,5.0,223.8913
B00I5426SM,6,4.81,6587.035
B00I542B64,6,5.0,18.8255
B00I5429PM,6,4.69,485.8791
B00I542E02,6,4.85,480.6525
B00I542BQ4,6,5.0,18.682
B00I542DM6,6,4.68,630.1981
B00IDF4GSQ,210,2.87,576.6151
B00IDF8UWE,210,2.27,556.9838
B00IGHYNXY,211,5.0,55.5296
B00IGYPALG,212,4.71,4760.6817
B00IIZHE08,213,5.0,18.5761
B00ISCEAMG,1,4.64,4526.2753
B00IYFIKUA,214,3.0,37.1325
B00IYFNQP4,215,5.0,35.971
B00IYFRY2U,216,1.0,17.6012
B00IYFMYEI,217,5.0,17.939
B00IYVZ3XG,6,4.0,18.7661
B00IYVZ1BU,6,4.57,2048.1732
B00IYVZ6MY,6,4.86,942.2467
B00JDQJZWG,1,4.76,53794.9005
B00JDQKFPC,1,4.67,17845.6451
B00JJ5A0GQ,218,2.67,538.8217
B00JJ59UA8,219,4.34,1565.2206
B00JJ5A54S,220,5.0,17.957
B00JMSW0PO,221,5.0,18.8197
B00JONBIAK,222,4.33,106.8298
B00JQKJNGW,6,5.0,147.025
B00JQKJY02,6,4.67,166.6998
B00JQKK2JE,6,4.33,111.764
B00JQKJGVO,6,4.88,149.2789
B00JQKK3JS,6,4.44,332.579
B00JQKJLQE,6,5.0,93.0225
B00JQKJW9K,6,5.0,18.771
B00JQKJKD8,6,5.0,74.1311
B00JQKJQUU,6,4.0,18.7939
B00JQKK08W,6,5.0,18.5315
B00JQKJKWO,6,5.0,18.1295
B00JQKJP24,6,5.0,128.9715
B00JQKJYP2,6,5.0,93.012
B00JQKJMKE,6,4.88,593.8633
B00JQKK4BU,6,3.0,37.1328
B00JQKJJF2,6,4.91,204.1023
B00JQKK1PE,6,4.33,110.8076
B00JQKJO6G,6,4.94,332.2634
B00JRDUOSY,223,5.0,17.9653
B00JRDUALA,223,5.0,17.9761
B00JRDVU1Y,223,1.0,17.4535
B00JRDUJK2,223,5.0,18.7102
B00JRDV3WU,223,5.0,17.2937
B00JRDW2RA,223,5.0,16.6138
B00JRDWH3Y,223,5.0,18.4725
B00JU71D4G,224,5.0,18.3985
B00K0PNZQG,6,4.75,73.9358
B00K0PO196,6,4.86,5586.8824
B00K0PO7AO,6,4.79,1698.7852
B00K0PNXYU,6,5.0,36.3842
B00K4PIE68,225,4.67,541.057
B00K4PI97C,226,5.0,35.8575
B00K4PIL84,227,4.61,595.7219
B00K4PII50,228,5.0,72.1031
B00K4PJ3F4,229,4.83,408.5206
B00K4PI66Q,230,4.69,652.2422
B00K4PISAA,231,2.33,54.9745
B00K4PIV2K,232,3.75,143.6088
B00K4PIXXW,233,4.5,358.7436
B00K4PIBUW,234,4.69,285.2316
B00K4PO8WC,235,5.0,17.487
B00K4PJ0O8,236,5.0,18.3752
B00KCC09DE,147,5.0,18.6577
B00KF5MK08,237,1.0,18.7224
B00KFLZKFE,6,4.57,1903.4527
B00KFLZVQM,6,3.93,2615.3579
B00KFLZOWS,6,4.67,1197.6624
B00KI1GKXC,6,3.5,146.0105
B00KN2X6V0,6,5.0,74.0156
B00KN2X25A,6,5.0,91.9315
B00KN2WYQ8,6,5.0,37.3328
B00KV30IHG,238,4.11,14367.0556
B00KY9QQGE,239,4.91,575.3303
B00LHH4LM8,240,5.0,18.6958
B00LWB6XDE,241,1.0,36.356
B00LWBDTP4,242,5.0,35.5415
B00LWBGBPO,243,5.0,18.678
B00M0AHQSC,6,4.46,861.2902
B00MATEWFI,244,3.0,36.8395
B00MAU9L3U,245,5.0,18.6584
B00MFXWQKC,6,4.75,72.2724
B00MFXWLG6,6,5.0,109.8131
B00MN5VAWC,141,3.94,1652.0202
B00MOWEKTY,224,5.0,53.8054
B00MOWF1IS,246,4.2,181.5755
B00MOWEHIS,110,4.62,670.11
B00MOWENEG,247,5.0,35.484
B00MV9EWRU,6,4.8,91.9303
B00MV9F8PA,6,4.39,826.1475
B00MV9FQXO,6,4.74,2843.253
B00MV9FY4K,6,4.6,183.7601
B00MV9H6VY,6,4.48,10031.0025
B00MV9FM9C,6,4.62,5935.5872
B00MV9G598,6,4.92,214.0832
B00MV9GTFS,6,4.6,2163.1174
B00MV9GM8W,6,4.72,4120.8388
B00MV9FPLM,6,4.59,2143.3871
B00MV9GRNW,6,3.74,1292.7192
B00MV9G95S,6,4.76,446.7203
B00MV9FCFQ,6,4.11,6282.4108
B00MV9IWBC,6,3.67,53.6828
B00MV9GCYQ,6,4.57,4607.8937
B00MV9I6QS,6,4.65,308.602
B00MV9ILEU,6,5.0,89.1856
B00MV9GYHG,6,4.2,91.1081
B00MV9HZ1U,6,3.0,17.4421
B00MV9LXKE,6,4.7,1543.5835
B00MV9IE1K,6,5.0,36.4027
B00MV9LSHC,6,4.42,3073.9759
B00MV9MJLQ,6,3.86,635.2834
B00MV9KAWQ,6,5.0,18.1835
B00MV9K620,6,4.28,448.6233
B00MV9MUHY,6,3.92,218.0333
B00MV9LN2M,6,4.86,126.4736
B00MV9GKCA,6,3.62,296.3507
B00MV9LDGS,6,5.0,36.9291
B00MV9GGEC,6,4.57,7459.2085
B00MV9OCHK,6,5.0,73.1083
B00MV9L0PW,6,4.26,3330.4308
B00MV9MEO8,6,4.83,110.8927
B00MV9OQYO,6,4.54,2270.3933
B00MV9P1DY,6,5.0,54.815
B00MV9OHUM,6,4.74,1121.482
B00MV9H2B8,6,3.41,779.4067
B00MV9FJ0E,6,4.5,179.7296
B00MV9MON4,6,4.08,462.0407
B00MV9IZH8,6,5.0,18.3011
B00MV9P454,6,4.01,1310.0228
B00MV9O4ZA,6,3.6,89.4742
B00MV9L8DG,6,4.12,306.493
B00MV9F2QU,6,4.71,1497.9711
B00MV9PB5C,6,3.94,1230.7365
B00MV9O08G,6,4.74,3616.6431
B00MV9N316,6,4.71,3711.5634
B00MV9OO2S,6,4.45,361.6287
B00MV9P8MS,6,4.53,5736.1606
B00MV9M8PS,6,4.57,1092.12
B00MV9M0UQ,6,4.43,3111.501
B00MVA460C,6,4.83,218.8053
B00MVA457Q,6,4.33,55.0989
B00MVA3KMC,6,5.0,18.1501
B00MV9PIY6,6,4.6,182.4107
B00MV9LHPU,6,4.25,145.3081
B00MVA44JK,6,5.0,73.5825
B00MVA43Z0,6,4.55,200.6108
B00MV9PN32,6,4.83,212.3485
B00MVA46R0,6,4.26,347.0374
B00MW8CMJU,248,4.0,446.0492
B00MXD9CQA,249,4.46,740.8504
B00MXD9HUG,250,4.5,180.0188
B00MXD9X14,251,2.75,71.4093
B00N47FWXQ,1,4.48,424.1179
B00N47FVEG,1,5.0,55.6219
B00N47FXDK,1,4.65,369.6781
B00N594BHQ,6,5.0,18.6516
B00NJ33V60,252,5.0,17.9474
B00NM4J4UI,253,5.0,35.4414
B00NM4II5A,254,4.11,337.7801
B00NM4IXMS,253,5.0,16.8922
B00NO38QPQ,255,5.0,18.3422
B00NU7QP6S,6,4.5,291.4335
B00NU7UVUO,6,4.7,670.7327
B00NU7UN98,6,4.71,304.2276
B00NU7V6JE,6,4.63,343.9999
B00NU7R224,6,4.61,1219.1784
B00NU7VFCC,6,5.0,161.5291
B00NU7UEGU,6,4.44,492.5366
B00NU7U6E0,6,4.57,250.5561
B00NU8F23Y,6,4.67,432.3058
B00NU8FTK0,6,4.36,908.1095
B00NUZW4GA,256,5.0,17.236
B00NVUBRHQ,24,4.82,201.6936
B00O3YIUCE,83,4.1,549.1262
B00O3YKR48,72,4.86,1059.2698
B00O3YJ2TE,86,4.75,575.4174
B00O3YIABA,77,4.91,808.4802
B00O3YKYPA,35,4.92,1165.5399
B00O3YJMS0,24,4.44,1324.4494
B00O3YJS84,92,4.08,669.132
B00O3YIGOG,16,4.86,905.0768
B00O3YJD4S,187,4.83,1853.1381
B00O4I4SAM,11,4.55,521.5701
B00O4I5HWA,10,4.82,871.0433
B00O4I5S7O,179,4.8,2947.8487
B00O4I4Y3S,187,4.84,449.5578
B00O5C5D88,6,5.0,74.1048
B00O5C59FA,6,5.0,37.1464
B00O5C53KQ,6,4.67,222.1762
B00O5C652G,6,5.0,35.9167
B00O5C60N0,6,4.38,236.1448
B00O5C62OM,6,5.0,55.8977
B00O5C4ZUK,6,5.0,203.9561
B00O5C5824,6,4.67,55.7677
B00O5C6EC2,6,5.0,18.5468
B00O5C5YQO,6,5.0,126.045
B00O5C5NLA,6,4.29,128.3181
B00O5C68J6,6,4.8,92.4986
B00O5C66KM,6,5.0,74.4543
B00O5C55CC,6,5.0,55.8457
B00O5C5B9E,6,5.0,18.5392
B00O5C6C4W,6,5.0,72.6924
B00O5DDPH8,6,3.0,37.2066
B00O988YK2,6,5.0,18.6557
B00OC7AU8Y,257,5.0,18.2904
B00OC7HSB6,258,5.0,37.1196
B00OD4DR5E,6,4.0,74.0179
B00OD4E0FA,6,5.0,18.6405
B00OD4FHDE,6,5.0,36.6097
B00OD4ELZ4,6,5.0,36.8118
B00OD4DX3U,6,5.0,18.4976
B00OD4FDOC,6,5.0,18.5229
B00OD4DU4M,6,5.0,18.6495
B00OD4L8SW,6,5.0,35.6464
B00OD4L2VU,6,4.68,401.5111
B00OD4LBSO,6,4.17,109.5118
B00OD4MVAG,6,5.0,109.8459
B00OD4M30O,6,4.0,73.6656
B00OD4MC28,6,5.0,18.0662
B00OD4LIFA,6,4.5,146.6265
B00OD4M93U,6,5.0,37.192
B00OD4L5DA,6,4.61,420.6197
B00OD4K3NS,6,5.0,18.2614
B00OD4MLTW,6,5.0,18.2972
B00OD4METE,6,5.0,37.2807
B00OD4MING,6,5.0,18.2389
B00OD4W6KG,6,5.0,18.5299
B00OD4L0D0,6,5.0,273.9998
B00OD4UWNY,6,5.0,17.3657
B00OD4LKQM,6,5.0,36.3716
B00OGME00O,6,5.0,73.1948
B00OGMDVCW,6,4.94,294.2934
B00OGPXPOI,259,5.0,55.2064
B00OGPYGQ4,138,1.44,167.7518
B00OGPYUV0,260,2.2,88.583
B00OGPXG9W,261,4.38,287.7123
B00OGQ7SAO,212,4.89,980.3367
B00OH7VV3C,6,4.33,54.6495
B00OH7Z2TG,6,4.5,148.7603
B00OH7XY0U,6,4.28,332.3519
B00OH7WPU0,6,5.0,18.579
B00OH7WGTK,6,4.25,71.6711
B00OH7Y8R8,6,5.0,18.6174
B00OH7WZNC,6,5.0,18.4493
B00OH7ZB2O,6,4.5,285.7955
B00OH7YUBM,6,5.0,18.6611
B00OH7YAGW,6,5.0,196.9786
B00ONCTCSC,262,5.0,18.3771
B00OQT4XQ8,6,5.0,54.562
B00OQT53FS,6,4.33,109.4488
B00OQT3XUK,6,4.75,1340.9874
B00OQT4QUQ,6,4.4,90.7236
B00OQTXF7G,6,2.33,54.9167
B00OQU89Y4,6,5.0,18.6252
B00OR54DES,263,4.76,1709.4833
B00OR54OA6,264,4.82,392.6517
B00OSEN5YW,6,5.0,36.7095
B00OSEKGMQ,6,4.58,216.9235
B00OSEKYKU,6,5.0,18.4011
B00OSEMX7C,6,4.0,18.2884
B00OSEKQ30,6,5.0,70.6779
B00OSELVYS,6,1.0,18.5392
B00OSELPLW,6,5.0,36.6633
B00OV98F44,8,4.92,925.6126
B00OX9NYK2,6,4.35,456.1057
B00OX9OLYA,6,4.67,329.8207
B00OX9OP00,6,3.86,127.2449
B00OX9NV3C,6,5.0,108.4903
B00OX9OKO6,6,4.59,4184.272
B00OX9OBV8,6,4.83,109.5754
B00OX9OT2Y,6,5.0,200.1266
B00P08BVBO,265,4.78,423.7183
B00P3DUFRW,266,4.39,4684.0534
B00P3DVHT2,267,4.26,700.8376
B00P6TN9T4,6,4.58,667.9647
B00P8N415E,6,4.75,936.6964
B00P8N2TN0,6,5.0,18.5988
B00P8N3YPC,6,4.77,645.7461
B00P8N4Q36,6,4.86,257.9728
B00P8N33EE,6,4.67,55.2703
B00P8N3678,6,5.0,55.3239
B00P8N3O7U,6,4.87,849.0718
B00P8N57XO,6,5.0,55.3695
B00P8N4L3G,6,4.58,568.1545
B00P8N3QLY,6,4.81,1071.139
B00P8N3JGG,6,5.0,129.6064
B00P8N5HLQ,6,4.33,55.4994
B00P8N5X2E,6,3.5,36.9052
B00P8N4ISE,6,4.92,440.0889
B00P978HUE,268,5.0,18.1868
B00P9VDRAA,6,4.33,430.1948
B00P9VD9ZS,6,4.56,161.2216
B00P9VE9S4,6,4.6,176.8627
B00P9VF3DE,6,4.68,1154.7712
B00P9VG6IK,6,4.0,70.9547
B00P9VEQF0,6,4.44,1579.1226
B00P9VHCBU,6,4.09,3763.366
B00P9VCASU,6,4.33,211.1791
B00P9VGPNQ,6,5.0,34.9505
B00P9VGZYA,6,4.55,361.3625
B00P9VFGGS,6,4.58,544.2054
B00PABVTS6,6,4.02,915.0327
B00PG248V4,269,3.86,378.9983
B00PG25106,270,5.0,18.5174
B00PG24V2A,271,4.37,344.2488
B00PG23QFI,272,4.69,1779.7334
B00PG40DW0,6,4.81,294.8414
B00PG40EE2,6,4.78,497.2195
B00PG40HPI,6,4.95,789.2713
B00PG40L0E,6,4.73,276.6406
B00PG40ICK,6,4.71,936.7052
B00PG40CO4,6,4.9,742.041
B00PG40DCA,6,4.88,736.0226
B00PG40F14,6,4.84,696.4332
B00PG40U9G,6,4.45,203.562
B00PG40SDY,6,4.85,2749.0129
B00PG40QOK,6,4.93,516.809
B00PG40FPU,6,4.79,257.9608
B00PG41F3G,6,3.33,55.9339
B00PG40UYQ,6,4.43,424.3144
B00PG40RBW,6,4.83,110.2189
B00PG4141O,6,5.0,18.6598
B00PG40J3I,6,4.67,552.0807
B00PG4FAH8,273,4.68,1008.1731
B00PG8502O,273,4.66,9737.0145
B00PG9870U,274,4.75,2836.1407
B00PGOMSU0,6,3.83,3888.7047
B00PMFBOD0,275,5.0,17.9948
B00PMFBDMC,223,5.0,17.9306
B00PMLDFSQ,6,4.67,613.2853
B00PMLDJ7I,6,4.83,773.8347
B00PMLDPYK,6,4.69,1596.6831
B00PMLE8VO,6,5.0,18.6378
B00PMLEFB2,6,5.0,73.9103
B00PMLDZ2C,6,5.0,18.6371
B00PMLDLKI,6,4.76,2206.0686
B00PMLDNBA,6,4.81,1278.4411
B00PMLDTO6,6,4.84,4156.8129
B00PMLD91O,6,4.74,12107.5524
B00PMOSXSK,6,4.81,1556.2379
B00PMOSZJW,6,4.56,1145.57
B00PMOST0M,6,4.79,777.0921
B00PMOSYM0,6,4.82,908.7662
B00PMOSWTU,6,4.94,333.0766
B00PMOT1L8,6,4.72,3198.7851
B00PMOSVW8,6,4.89,648.6371
B00PUNYROW,275,5.0,17.9348
B00PZFDFDE,276,4.38,240.222
B00Q3MQ9JK,6,5.0,18.6481
B00Q3MQ562,6,5.0,55.5888
B00Q3MPZ5Y,6,5.0,55.8838
B00Q3NG6FQ,6,3.7,183.0473
B00Q3NFTTA,6,4.66,839.0733
B00Q5BN5PK,6,4.85,497.2236
B00Q5BNKYQ,6,5.0,36.2852
B00Q5BNVPE,6,4.64,201.4402
B00Q5BOOLY,6,4.18,202.0942
B00Q5BP0TY,6,4.86,663.0322
B00Q5BO5NQ,6,5.0,55.3636
B00Q5BOYZU,6,4.88,442.8136
B00Q5BNFXC,6,4.95,349.3154
B00Q5BNS48,6,4.74,2062.276
B00Q5BN99C,6,4.88,295.3337
B00Q5BOSYC,6,4.84,6839.284
B00Q5BNBC2,6,4.84,1689.3922
B00Q5BN7BC,6,5.0,220.9989
B00Q5BNP5U,6,4.77,567.1932
B00Q5BN3P2,6,4.7,1459.8378
B00Q5BOMP2,6,4.69,240.0219
B00Q5BO2D4,6,4.8,92.1397
B00Q75EQYS,277,5.0,18.6266
B00Q75EZVM,277,5.0,18.582
B00Q7Z38B0,278,5.0,71.8803
B00Q80UCUE,279,4.0,54.9142
B00Q80WDEM,280,4.57,379.5559
B00QB6L0OC,281,5.0,17.1809
B00QHUIF4K,282,3.0,18.6357
B00QKYOA3I,283,5.0,93.1343
B00R6OW286,284,2.79,842.2387
B00S3F9DHU,8,1.0,18.5893
B00S5JE4PU,285,4.62,1263.4961
B00SXBY5L8,6,4.86,385.8489
B00TEEU5X0,286,3.47,600.4313
B00TEEY3LA,6,4.0,71.8693
B00U6OPWBM,212,4.52,452.8377
B00U7XWGV6,6,4.8,991.8417
B00UUCWCPE,23,4.92,214.9768
B00UV2YR4W,287,3.0,36.4476
B00UW1CEMY,6,4.76,2939.8513
B00UW1DCKW,6,4.75,73.7024
B00UXLIUM6,1,4.83,3664.0365
B00UXLIX00,1,2.8,906.2288
B00UXLIQNY,1,4.84,3682.4403
B00VF0MCCS,288,4.52,2186.6552
B00VF0NS9O,289,4.64,248.3829
B00VF0N90M,290,4.62,229.2856
B00VGLSEOG,32,4.93,276.1017
B00VTVA9TQ,61,4.62,1294.1885
B00VW9QNPE,6,4.65,3159.1987
B00VW9SC12,6,4.5,701.6344
B00W1ZGD94,6,3.67,55.0537
B00W20N7O2,6,5.0,36.9769
B00W20NJW2,6,5.0,18.5048
B00W20LE10,6,5.0,18.3261
B00W20MW48,6,5.0,238.9848
B00W20OR8C,6,1.0,18.3976
B00W20NXXW,6,5.0,18.2614
B00WJN875Q,291,5.0,36.4653
B00WROYLMU,292,4.43,125.538
B00WROYVVQ,293,5.0,302.318
B00WXN230W,6,5.0,74.0231
B00X4RERY6,1,5.0,54.0334
B00X6G8J3A,294,4.67,4047.0224
B00XO1OZTY,6,4.75,3212.4423
B00XU7O7OK,141,3.84,1226.0868
B00XUUAB92,6,4.51,1116.8302
B00YB1WKTS,295,1.0,18.4839
B00YD567IW,6,4.65,3408.0644
B00YD55RD8,6,4.15,586.7125
B00YD5XWEY,296,4.73,1070.8266
B00YD743CW,297,4.72,1230.9738
B00YD74M4Q,8,4.2,2376.9066
B00YHWJ1RK,6,4.95,364.1804
B00ZARHB6E,6,3.26,413.5424
B00ZHJSFAQ,298,5.0,18.1546
B0108MGBA2,299,1.0,18.0588
B0108MW5N4,6,4.15,233.5711
B0108MGLWU,300,5.0,71.287
B010RHMIAA,6,4.53,301.226
B0145WHAOC,6,4.87,272.7374
B0145WHNXA,6,4.78,2129.1791
B0145WHIXK,6,4.85,364.2939
B0145WHBJG,6,4.95,345.0736
B0145WHH7W,6,4.7,182.6445
B0145WHXGM,6,4.82,2089.2933
B0145WI1PY,6,4.93,272.908
B0145WI0MI,6,4.95,382.4296
B0145WHCFO,6,4.73,199.1826
B0145WHQPA,6,4.8,5058.3594
B0145WHUP6,6,4.7,3595.1901
B0145WHVKK,6,4.68,1881.5038
B0145WHFB0,6,4.56,163.8615
B0145WHI26,6,5.0,145.5924
B0145WH6MS,6,4.79,437.6541
B0145WHKPG,6,5.0,310.4108
B0145WHSDA,6,4.73,6149.4559
B0145WHG5K,6,4.73,400.2133
B0145WHLP0,6,4.76,309.1432
B0145WHJO8,6,5.0,235.0696
B0145WHTES,6,4.82,2461.631
B014LMWGCM,265,4.52,561.2962
B014LMZYBC,265,4.96,458.1979
B014S1KPKG,1,4.73,11068.3788
B014S2HRVK,1,4.78,583.6847
B014S24DAI,1,4.75,41344.8068
B0156VG62I,301,4.62,373.7398
B01571YV42,276,4.67,1020.1476
B01578LQ84,302,4.9,741.4545
B015NKL80M,6,5.0,35.9041
B015NKKR90,6,5.0,17.6982
B015NKJ6D8,303,4.57,783.2646
B015NKLAYQ,6,1.0,17.2528
B015NKKJXY,6,5.0,35.0933
B015NKJCJ6,304,3.8,179.0076
B015NLC8KU,6,5.0,17.498
B015OTK510,296,4.81,467.5224
B015OTJZCU,149,4.67,1474.6299
B015QELP0S,26,4.02,904.3049
B015RUHT5G,210,2.86,402.7283
B015RUEWZ6,210,3.17,548.7578
B015WY0DOQ,305,4.76,4908.631
B015WY1JDK,8,4.73,2113.8903
B015WY178W,110,4.95,364.0258
B016BCKQXG,306,5.0,36.0733
B016CDV4E4,307,4.33,264.3777
B016CDNMMG,8,4.69,972.3499
B016CDVCR8,308,5.0,36.8398
B016CICYXO,1,4.76,4143.9658
B016CM11FW,6,4.6,87.8334
B016CM0T1Y,6,5.0,53.4271
B016CM225K,6,5.0,36.2136
B016CM193Q,6,5.0,18.2274
B016CLZMA8,6,4.8,91.5331
B016CM1CBA,6,5.0,18.0918
B016CM0JSM,6,3.67,54.3036
B016CM2DY0,6,5.0,18.1375
B016CM1PPI,6,5.0,17.9841
B016CLZIWK,6,5.0,18.3487
B016CLZSUC,6,5.0,18.1955
B016CLZPOQ,6,4.8,180.9236
B016CM2GVK,6,5.0,35.9076
B016J1LGPG,1,4.8,2820.0033
B016J1LDNQ,1,4.8,867.4718
B016PAS2OO,6,5.0,18.3914
B016PARLMS,51,4.1,180.4396
B016PASBWC,51,4.76,658.8242
B016PASNX4,6,4.71,249.3092
B016PARP24,51,4.42,668.1501
B016PASXA2,6,4.45,1145.1519
B016PASHH6,6,3.49,2364.5979
B016PATDCE,6,4.38,283.5399
B016PASEN8,309,4.28,1380.0907
B0170NTG5O,310,5.0,18.076
B0172YGY56,311,4.6,178.2135
B0172YK2AY,6,1.0,35.9042
B0172YHMMK,312,4.0,397.695
B0172YIBP2,313,4.75,288.6438
B0172YKZXI,6,3.83,315.3596
B0172YMCIY,6,4.4,179.7987
B0172YGNGQ,314,4.39,489.0439
B0172YLIIO,6,2.88,143.6721
B0172YMPU4,6,3.6,87.0763
B0172YKFLK,6,3.32,1135.4141
B017LRA8TC,315,5.0,53.824
B017TGZ5ES,274,4.85,347.6998
B017TH161S,6,4.31,232.1599
B017TH2CM0,6,5.0,35.4038
B017TH1N6G,6,5.0,17.6282
B017TH4IKO,6,5.0,106.0737
B017TH3S4Q,6,3.67,105.9324
B017TH0IEY,6,5.0,89.5144
B017TH57CC,6,5.0,71.1686
B017TH5IEE,6,3.67,54.5845
B017TH3YT0,6,2.0,88.3425
B017TH0PG0,6,5.0,18.1444
B017TH2LAI,6,5.0,161.2871
B017THJLZG,6,4.91,194.8113
B0187SU074,6,4.79,254.6983
B0187SVGXQ,6,4.75,72.8462
B0187SVNC0,6,5.0,36.1307
B0187SUFIS,6,4.93,272.4033
B0187SV7Y4,6,5.0,218.2814
B0187SVKF0,6,5.0,108.7984
B0187SUXIU,6,4.43,126.8927
B0187SVB5Y,6,4.83,108.9896
B0187SUJ7A,6,5.0,91.6244
B0187SVX48,6,4.73,1157.7144
B0187SW06S,6,4.88,724.4538
B0187SWDSI,6,5.0,18.3468
B0187SVQNG,6,4.82,199.5437
B0187SVTQU,6,4.75,1016.8221
B0187SUU88,6,5.0,199.4043
B0187SUMAE,6,4.67,54.2327
B0187SWSAQ,6,5.0,55.0283
B0187SUQKK,6,4.75,290.0741
B0187SW6V2,6,5.0,71.4463
B0188LNKEA,6,4.75,72.3407
B0188LOK7G,6,4.83,1344.3132
B0188LOZY4,6,4.61,322.5444
B0188LLWUO,316,4.72,314.0325
B0188LO3UK,6,4.75,3720.1051
B0189TCA7E,6,4.56,2887.8395
B018F76HBA,317,3.67,53.399
B018ITNYFM,199,4.0,16.9001
B018T7GCBQ,6,4.81,493.2368
B018T7WSFA,6,4.69,2153.7547
B018T7G9XM,6,4.84,1443.5461
B018T7WFNA,6,4.77,236.8228
B018T7G4E6,6,4.82,199.6173
B018T7WZFS,6,4.9,365.7014
B018U5LR6C,199,5.0,17.1868
B018U5OE5S,199,3.0,34.8145
B018UPUJJI,6,4.79,2411.5732
B018UPUQ5A,6,4.74,4630.7158
B019FMFYJU,318,5.0,34.745
B019GIOH7S,6,4.84,913.0864
B019GJKL5O,6,4.83,110.0638
B019GYWFBW,199,5.0,52.3101
B019TM49BK,6,5.0,91.3018
B019TM4UFU,6,5.0,17.6358
B01A5V5XKA,6,5.0,195.4157
B01ANL02UI,199,5.0,17.9502
B01B25L7US,1,4.74,5045.3175
B01B25LU7S,1,4.75,4317.3708
B01B25LZCI,1,4.42,578.176
B01B25M52W,1,4.7,3269.5954
B01B25LFGY,1,4.76,10382.5958
B01BLV4R8M,6,4.53,2690.1365
B01BN1RLFG,6,4.89,157.453
B01BN3LM4A,6,4.5,736.3343
B01BN45ICQ,6,4.67,583.5069
B01CT5PHJ2,6,4.52,3466.6024
B01CZ07NQG,6,5.0,145.837
B01CZ54L66,319,4.67,6468.5515
B01DCN57F4,1,5.0,70.5581
B01DCN9GVU,1,4.92,907.9783
B01DGLKSYM,199,5.0,68.6467
B01DWOZKSC,320,4.86,2206.9926
B01DYITM5I,321,4.0,16.3503
B01E4QPDV6,1,4.71,21325.6804
B01E4QRAX0,1,4.69,7870.8758
B01E4QQ6QM,1,4.73,10195.3815
B01E4QS95I,1,4.84,11764.2551
B01E4QUN0W,1,4.84,27240.6499
B01EB6EODM,7,3.47,534.4963
B01EGBCJVQ,322,4.41,386.2529
B01EO0N7DS,6,5.0,144.6849
B01EO0M2ZW,6,4.78,978.2465
B01EO0MF1S,6,4.89,343.6994
B01ESBMY3W,323,3.36,1720.0869
B01F43RXOI,6,4.75,217.3767
B01F43RW5S,6,4.9,381.2057
B01FERQPAM,1,4.74,10005.0222
B01FERR9FW,1,4.86,7074.068
B01FERQT4E,1,4.91,787.2033
B01FERR1VE,1,4.76,4074.9779
B01FYDFH5U,6,4.77,488.5247
B01FYG8R68,6,5.0,69.4698
B01FYJMJHI,6,3.45,7577.1472
B01G2P3FT4,6,4.88,598.2616
B01G2P3PNK,6,4.75,72.6587
B01G44QKQI,6,4.79,3442.7352
B01G44QN9W,6,4.84,1317.2487
B01GF6W1E0,324,4.8,86.277
B01GF6WISE,324,3.6,86.1612
B01GF6WRRG,324,3.5,179.1672
B01GF6WNO8,324,2.67,52.5591
B01GF6X842,324,3.09,194.2988
B01GF6WEPG,324,3.0,18.0918
B01GF6WULE,324,3.75,70.9167
B01GF6X9UU,324,4.43,120.776
B01GF6X20W,324,4.4,262.2981
B01GF6WAC8,324,5.0,34.7707
B01GF6WXAW,324,5.0,35.0144
B01GF7GNCA,248,4.55,196.8124
B01GF7H0X6,248,4.4,88.9873
B01GF6X4LE,324,5.0,69.2131
B01GKWETLC,325,5.0,245.9609
B01GKWEH64,326,4.2,821.6253
B01GKWEJTO,327,4.75,697.1126
B01GKWEPBG,328,4.24,3119.3411
B01GKZ3SQG,329,4.1,874.4746
B01GKZ3LH2,330,4.0,141.8249
B01GKZ37SA,331,4.47,261.2483
B01GKZ326M,332,4.0,33.478
B01GMFJ8JU,6,5.0,17.1658
B01GOQIKRI,199,5.0,69.0352
B01GOQHGL4,199,4.5,35.3854
B01GP1W4LA,59,3.4,798.1949
B01H5PPJT4,6,4.55,5157.4538
